{
    "ModSettings": {
        "highlight_foused_items_animated": {
            "value": true
        },
        "first_run": false
    },
    "GuiSettings": {
        "enable_inventory_buttons": {
            "value": false
        },
        "continuous_crafting_saved_value": false
    },
    "AutoRefillSettings": {
        "refill_armor": {
            "value": false
        },
        "refill_before_tool_break": {
            "value": false
        },
        "disable_for_loyalty_items": false,
        "auto_refill_match_custom_name": false,
        "visual_durability_notification": {
            "value": false
        }
    },
    "Hotkeys": {
        "sort_inventory": {
            "main": {
                "keys": "BUTTON_3"
            }
        },
        "sort_inventory_in_columns": {
            "main": {
                "keys": "BUTTON_3"
            }
        },
        "sort_inventory_in_rows": {
            "main": {
                "keys": "BUTTON_3"
            }
        }
    }
}